,VariableId,Definition,Calculation
0,4114.0,"Percentage of the total population using improved water sources. An “improved” source is one that is likely to provide ""safe"" water, such as a household connection, a borehole, etc. Current information does not allow yet to establish a relationship between access to safe water and access to improved sources, but WHO and UNICEF are examining this relationship.
Safe drinking water is water that contains no biological or chemical pathogen at a level of concentration that is directly harmful to health. This includes treated, untreated, uncontaminated surface water, such as protected boreholes, springs and sanitary wells. The waters of rivers and lakes can only be considered healthy if water quality is regularly monitored and considered acceptable by public health officials. Reasonable access to water means a water supply in the water. housing or within 15 minutes walk of it.",-
1,4115.0,"Percentage of the rural population using improved water sources. An “improved” source is one that is likely to provide ""safe"" water, such as a household connection, a borehole, etc. Current information does not allow yet to establish a relationship between access to safe water and access to improved sources, but WHO and UNICEF are examining this relationship.",-
2,4116.0,"Percentage of the urban population with using improved water sources. An “improved” source is one that is likely to provide ""safe"" water, such as a household connection, a borehole, etc. Current information does not allow yet to establish a relationship between access to safe water and access to improved sources, but WHO and UNICEF are examining this relationship.",-
3,4321.0,"Portion of the equipped for irrigation area that is irrigated from rivers or lakes (reservoirs, pumping or diversion).",-
4,4320.0,Portion of the equipped for irrigation area that is irrigated from wells (shallow wells and deep tube wells) or springs,-
5,4324.0,Area equipped for irrigation irrigated by surface water as percentage of the total area equipped for irrigation.,[% of area equipped for irrigation by surface water] = 100*Area equipped for irrigation by surface water/Area equipped for irrigation: total
6,4323.0,Equipped for irrigation area irrigated by groundwater as percentage of the total equipped for irrigation area.,[% of area equipped for irrigation by groundwater ] = 100*Area equipped for irrigation by groundwater/Area equipped for irrigation: total
7,4325.0,Equipped for irrigation area irrigated by mixed groundwater and surface water as percentage of the total equipped for irrigation area.,[% of area equipped for irrigation by mixed surface water and groundwater] = 100*Area equipped for irrigation by mixed surface water and groundwater/Area equipped for irrigation: total
8,4322.0,Portion of the equipped for irrigation area that is irrigated from mixed surface water and groundwater.,-
9,4465.0,Portion of the equipped for irrigation area that is irrigated by direct use (i.e. with no or little prior dilution with freshwater during most of the year) of treated wastewater.,-
10,4466.0,Equipped for irrigation area irrigated by direct use of treated municipal wastewater as percentage of the total equipped for irrigation area.,[% of area equipped for irrigation by direct use of  treated municipal wastewater] = 100*Area equipped for irrigation by direct use of treated municipal wastewater/Area equipped for irrigation: total
11,4513.0,Portion of the equipped for irrigation area that is irrigated by direct use (i.e. with no or little prior dilution with freshwater during most of the year) of not treated wastewater.,-
12,4514.0,Equipped for irrigation area irrigated by direct use of not treated municipal wastewater as percentage of the total equipped for irrigation area.,[% of area equipped for irrigation by direct use of non-treated municipal wastewater] = 100*Area equipped for irrigation by direct use of non-treated municipal wastewater/Area equipped for irrigation: total
13,4526.0,Portion of the equipped for irrigation area that is irrigated by direct use (i.e. with no or little prior dilution with freshwater during most of the year)of agricultural drainage water,-
14,4539.0,Portion of the equipped for irrigation area that is irrigated by desalinated water,-
15,4527.0,Equipped for irrigation area irrigated by direct use of agricultural drainage water as percentage of the total equipped for irrigation area.,[% of area equipped for irrigation by direct use of agricultural drainage water ] = 100*Area equipped for irrigation by direct use of agricultural drainage water/Area equipped for irrigation: total
16,4540.0,,[% of area equipped for irrigation by desalinated water] = 100*Area equipped for irrigation by desalinated water/Area equipped for irrigation: total
17,4309.0,"A sprinkler irrigation system consists of a pipe network, through which water moves under pressure before being delivered to the crop via sprinkler nozzles. The system basically simulates rainfall in that water is applied through overhead spraying. These systems are also known as overhead irrigation systems.",-
18,4311.0,"The sum of surface irrigation, sprinkler irrigation and localized irrigation.",[Area equipped for full control irrigation: total] = Area equipped for full control irrigation: surface irrigation+Area equipped for full control irrigation: sprinkler irrigation+Area equipped for full control irrigation: localized irrigation
19,4461.0,"Portion of the area equipped for full control irrigation that is actually irrigated, in a given year. It refers to physical areas. Irrigated land that is cultivated more than once a year is counted only once.",-
20,4463.0,Percent of area equipped for full control irrigation that is actually irrigated in any given year. Irrigated land that is cultivated more than once a year is counted only once.,[% of area equipped for full control irrigation actually irrigated] = 100*Area equipped for full control irrigation: actually irrigated/Area equipped for full control irrigation: total
21,4313.0,"Area equipped to provide water (via irrigation) to crops. It includes areas equipped for full/partial control irrigation, equipped lowland areas, and areas equipped for spate irrigation.",[Area equipped for irrigation: total] = Area equipped for full control irrigation: total+Area equipped for irrigation: equipped lowland areas+Area equipped for irrigation: spate irrigation
22,4318.0,"Portion of the area equipped for irrigation that is actually irrigated, in a given year. It refers to physical areas. Irrigated land that is cultivated more than once a year is counted only once.",-
23,4328.0,"Percent of area equipped for irrigation that is actually irrigated in any given year, expressed in percentage. Irrigated land that is cultivated more than once a year is counted only once.",[% of the area equipped for irrigation actually irrigated] = 100*Area equipped for irrigation: actually irrigated/Area equipped for irrigation: total
24,4331.0,"Part of cultivated land that is equipped for irrigation, expressed in percentage. This indicator is not valid for the few countries that irrigate pastures.",[% of the cultivated area equipped for irrigation] = 100*Area equipped for irrigation: total/Cultivated area (arable land + permanent crops)
25,4317.0,Sum of total area equipped for irrigation and areas with other forms of agricultural water management (non-equipped flood recession cropping area and non-equipped cultivated wetlands and inland valley bottoms),[Total agricultural water managed area] =  Area equipped for irrigation: total+Flood recession cropping area non-equipped+Cultivated wetlands and inland valley bottoms non-equipped
26,4319.0,"Percent of  total agricultural water managed area that is equipped for irrigation, expressed in percentage.",[% of agricultural water managed area equipped for irrigation] = 100*Area equipped for irrigation: total/Total agricultural water managed area
27,4308.0,"Surface irrigation systems are based on the principle of moving water over the land by simple gravity in order to moisten the soil. They can be subdivided into furrow, borderstrip and basin irrigation (including submersion irrigation of rice). Manual irrigation using buckets or watering cans are also included. Surface irrigation does NOT refer to the method of transporting the water from the source up to the field, which may be done by gravity or by pumping.",-
28,4307.0,"Area of land which is potentially irrigable. Country/regional studies assess this value according to different methods. For example, some consider only land resources, others consider land resources plus water availability, others include economical aspects in their assessments (such as distance and/or difference in elevation between the suitable land and the available water) or environmental aspects, etc. If available, this information is given in the individual country profiles. The figure includes the area already under agricultural water management .",-
29,4310.0,"Localized irrigation is a system where the water is distributed under low pressure through a piped network, in a pre-determined pattern, and applied water as a small discharge to each plant or adjacent to it. There are three main categories: drip irrigation (where drip emitters are used to apply water slowly to the soil surface), spray or micro-sprinkler irrigation (where water is sprayed to the soil near individual plants or trees) and bubbler irrigation (where a small stream is applied to flood small basins or the soil adjacent to individual trees). The following other terms are also sometimes used to refer to localized irrigation: micro-irrigation, trickle irrigation, daily flow irrigation, drop-irrigation, sip irrigation, diurnal irrigation.",-
30,4316.0,"Spate irrigation (sometimes referred to as floodwater harvesting) is an irrigation practice that uses the floodwaters of ephemeral streams (wadi) and channels it through short steep canals to bunded basins where cropping takes place. A dam is often built in the wadi to be able to divert the water whenever it arrives. These systems are in general characterized by a very large catchment upstream (200-5000 ha) with a ratio of “catchment area : cultivated area"" = between 100:1 - 10 000:1. There are two types of spate irrigation: 1) floodwater harvesting within streambeds, where turbulent channel flow is collected and spread through the wadi where the crops are planted; cross-wadi dams are constructed with stones, earth, or both, often reinforced with gabions; 2) floodwater diversion, where the floods - or spates - from the seasonal rivers are diverted into adjacent embanked fields for direct application. A stone or concrete structure raises the water level within the wadi to be diverted to the nearby cropping areas.",-
31,4330.0,"Percent of the total area of potentially irrigable land (irrigation potential) that is equipped for irrigation, expressed in percentage.",[% of irrigation potential equipped for irrigation] = 100*Area equipped for irrigation: total/Irrigation potential
32,4315.0,Wetland and inland valley bottoms (IVB) that have not been equipped with water control structures but are used for cropping. They are often found in Africa. They will have limited (mostly traditional) arrangements to regulate water and control drainage.,-
33,4544.0,"It is the area equipped for irrigation managed by women as percentage of total area equipped for irrigation.<br>_x000D_
The area equipped for irrigation refers to AQUASTAT variable ""Area equipped for irrigation: total"", which is the area equipped to provide water - via irrigation - to crops. It includes areas equipped for full control irrigation and partially controlled irrigation (equipped lowland areas, and areas equipped for spate irrigation).",-
34,4545.0,"It is the number of agricultural holdings with irrigation managed by women as percentage of total number of agricultural holdings with irrigation.<br>_x000D_
An agricultural holding is an economic unit of agricultural production under single management comprising all livestock kept and all land used wholly or partly for agricultural production purposes, without regard to title, legal form or size. Single management may be exercised by an individual or household, jointly by two or more individuals or households, by a clan or tribe, or by a juridical person such as a corporation, cooperative or government agency. The holding’s land may consist of one or more parcels, located in one or more separate areas or in one or more territorial or administrative divisions, providing the parcels share the same production means, such as labour, farm buildings, machinery or draught animals.",-
35,4312.0,"The land equipped for irrigation in lowland areas includes: (i) Cultivated wetland and inland valley bottoms (IVB) that have been equipped with water control structures for irrigation and drainage (intake, canals, etc.); (ii) Areas along rivers where cultivation occurs making use of structures built to retain receding flood water; (iii) Developed mangroves and equipped delta areas.",-
36,4314.0,Areas along rivers where cultivation occurs in the areas exposed as floods recedes and where nothing is undertaken to retain the receding water. The special case of floating rice is included in this category.,-
37,4300.0,Sum of the drained portions of area equipped for irrigation and non-irrigated land area.,[Total cultivated area drained] = Area equipped for irrigation drained+Non-irrigated cultivated area drained
38,4305.0,The irrigated and non-irrigated cultivated area that is drained as percentage of the total cultivated area.,[% of total cultivated area drained] = 100*Total cultivated area drained/Cultivated area (arable land + permanent crops)
39,4303.0,"Irrigated area where drainage is used as an instrument to control salinity, ponding and waterlogging. This refers mainly to the area equipped for surface irrigation and to the equipped lowlands. Areas equipped for sprinkler irrigation and for localized irrigation do not really need a complete drainage system, except perhaps some small structures to evacuate the water in case there might be heavy rainfall. Flood recession cropping areas are not considered as being drained. A distinction can be made between areas drained with surface drains (a system of drainage measures, such as natural or human-made drains meant to divert excess surface water away from an agricultural area in order to prevent inundation) and the area drained with subsurface drains (a human-made system that induces excess water and dissolved substances to flow through the soil to open wells, moles, pipe drains and/or open drains, from where it can be evacuated for final disposal).",-
40,4304.0,"Area cultivated and not irrigated, where drainage is used to remove excess water from the land surface and/or the upper soil layer to make humid/wet land more productive. A distinction should be made between drainage in humid countries and drainage in semi-arid countries. In humid countries, it refers mainly to the areas which normally are flooded and where flood mitigation has taken place. A distinction could be made between 'pumped' drainage, 'gravity' drainage and 'tidal' drainage. In semi-arid countries, it refers to the area cultivated and not irrigated where drainage is used to remove excess water from the land surface and/or upper soil layer to make humid/wet land more productive.",-
41,4446.0,Percent of area equipped for full control surface irrigation that has adequate drainage controls that prevent waterlogging and soil salinization,[% of area equipped for irrigation drained] = 100*Area equipped for irrigation drained/Area equipped for irrigation: total
42,4112.0,"GDP at purchaser's prices is the sum of gross value added by all resident producers in the economy plus any product taxes and minus any subsidies not included in the value of the products. It is calculated without making deductions for depreciation of fabricated assets or for depletion and degradation of natural resources. Data are in current United States dollars (US$). Dollar figures for GDP are converted from domestic currencies using single year official exchange rates. For a few countries where the official exchange rate does not reflect the rate effectively applied to actual foreign exchange transactions, an alternative conversion factor is used.",-
43,4458.0,Gross domestic product divided by population.,-
44,4113.0,"Agriculture corresponds to ISIC divisions 1-5 and includes forestry, hunting, and fishing, as well as cultivation of crops and livestock production. Value added is the net output of a sector after adding up all outputs and subtracting intermediate inputs. It is calculated without making deductions for depreciation of fabricated assets or depletion and degradation of natural resources. The origin of value added is determined by the International Standard Industrial Classification (ISIC), revision 3.  Note:  This value is not specific to crop production, so care should be taken to ensure proper implementation.",-
45,4548.0,"Gross value added by agriculture (excluding river and marine fisheries and forestry), in ISIC rev. 4 “agriculture” corresponds to ISIC A (Divisions 01-03: crops and animal production, forestry, and fishing). For the purpose of SDG 6.4.1 in agriculture, fresh water fishing, marine fishing, and forestry should be excluded, but all nurseries and aquaculture are included. The Gross value added by agriculture (GVAa) is calculated by adding up all agricultural outputs and subtracting intermediate inputs; but without making deductions for depreciation of fixed assets or depletion and degradation of natural resources.",-
46,4546.0,"Gross value added by MIMEC (including energy), that is ISIC B, C, D and F based on rev. 4. The Gross Value added by MIMEC is computed by summing the value added of each of the four MIMEC sections as defined in the ISIC coding. For each section, it is calculated as the net output of the sector after adding up all outputs and subtracting intermediate inputs. It is calculated without making deductions for depreciation of fabricated assets or depletion and degradation of natural resources.",-
47,4547.0,"Gross value added by the services (ISIC E and ISIC G-T based on rev. 4). For the purpose of SDG 6.4.1, the ISIC coding E (‘Water Supply’) is included in service sector. The gross value added by services is calculated as the net output of the sector after adding up all outputs and subtracting intermediate inputs. It is calculated without making deductions for depreciation of fabricated assets or depletion and degradation of natural resources.",-
48,4111.0,"This is a summary measure of human development. It measures the average achievements in a country in three basic dimensions of human development: (1) a long and healthy life, as measured by life expectancy at birth; (2) knowledge, as measured by the adult literacy rate (with two-thirds weight) and the combined primary, secondary and tertiary gross enrolment ratio (with one-third weight); (3) a decent standard of living, as measured by GDP per capita (Purchasing Power Parity or PPP US$).",-
49,4537.0,"The Gender Inequality Index (GII) is built on the same framework as the Human Development Index (HDI) — to better expose differences in the distribution of achievements between women and men. It measures the human development costs of gender inequality, thus the higher the GII value the more disparities between females and males. The GII values vary tremendously across countries, they range from 0.021 to 0.733. Countries with high gender inequality also experience more unequal distribution of human development.",-
50,4474.0,"This indicator expresses the probability that a randomly selected individual from the population consumes an amount of calories that is insufficient to cover her/his energy requirement for an active and healthy life. _x000D_
The indicator is computed by comparing a probability distribution of habitual daily Dietary Energy Consumption with a threshold level called the Minimum Dietary Energy Requirement. Both are based on the notion of an average individual in the reference population.  _x000D_The indicator is calculated on 3-year averages. Year shown in the results page is the last year of the 3-year period.
This is the traditional FAO hunger indicator, adopted as official Millennium Development Goal indicator for Goal 1, Target 1.9._x000D_
More details on the methodology for computing the Prevalence of undernourishment are in Annex 2 of the State of Food Insecurity in the World 2013 Report (SOFI 2013). http://www.fao.org/docrep/018/i3434e/i3434e.pdf.",-
51,4473.0,"Number of people in a condition of undernourishment. The number of persons undernourished is obtained by multiplying estimates of the proportion of undernourished for each country (see term ""Prevalence of undernourishment"") by estimates of the total population. Undernourishment refers to the condition of people whose dietary energy consumption is continuously below a minimum dietary energy requirement for maintaining a healthy life and carrying out a light physical activity. The indicator is calculated on 3-year averages. Year shown in results page refers to last year of the 3-year period.",-
52,4555.0,"Part of the gross value added by agriculture originating from the irrigated agriculture, as opposed to rainfed agriculture. In countries where rainfed agriculture dominates the agricultural sector, a large proportion of agricultural GVA in national accounts comes from values produced by rainfed agriculture. As the rainfed system does not entail direct water abstraction, the value added from this system needs to be deducted from the total agricultural GVA in order to obtain a realistic figure of WUE in agriculture.",[% of agricultural GVA produced by irrigated agriculture] = 1/(1+((1-([% of arable land irrigated]/100))/(([% of arable land irrigated]/100)*[Ratio between irrigated and rainfed yields])))
53,4558.0,"Price index measuring the average prices of all goods and services included in the economy. The GDP deflator can be viewed as a measure of general inflation in the domestic economy and is used to measure the level of price changes over time so that current prices can be accurately compared to a base year prices. In other words, it eliminates the effects of price changes over time by converting nominal values to real values, where the nominal value of any economic statistic is measured in terms of actual prices that exist at the time and the real value refers to the same economic statistic after it has been adjusted for price changes. For the purpose of the SDG 6.4.1, the base year is 2015.",-
54,4543.0,"A normalized indicator of the number of floods recorded from 1985 to 2011, using the total number of floods observed in that period. The indicator was created by the World Resources Institute (WRI) and ranges from 0-5, where 0 is lowest and 5 is highest. Values represent the ""All-sector"" indicator, and have been rounded to the nearest tenth by AQUASTAT. This was a one-time exercise and will be updated by WRI when new data is made available.",-
55,4400.0,"Irrigated area affected by salinization, including formerly irrigated land abandoned because of declining productivity caused by salinization. It does not include naturally saline areas. In general, each country has its own definition of an area salinized.",-
56,4445.0,Percent of area equipped for irrigation that has become salinized due to mineral buildup caused by inadequate drainage,[% of area equipped for irrigation salinized] = 100*Area salinized by irrigation/Area equipped for irrigation: total
57,4401.0,"Part of the land that is waterlogged because of irrigation. Waterlogging is the state of land in which the water table is located at or near the surface resulting in a decline of crop yields. Irrigation can contribute to the raising of the level of the aquifers. The non-saturated area of soils can become too small and the soils are over-saturated with water. If recharge to groundwater is greater than natural drainage, there is a need for additional drainage to avoid waterlogging.",-
58,4541.0,"A normalized indicator of the variation in water supply between years. Interannual variability is calculated as the standard deviation of annual total blue water divided by the mean of total blue water from 1950 to 2010. The indicator was created by the World Resources Institute (WRI) and ranges from 0-5, where 0 is lowest and 5 is highest. Values represent the ""All-sector"" indicator, and have been rounded to the nearest tenth by AQUASTAT. In WRI's analysis, 'water supply' refers to 'total blue water', which approximates naturalized river discharge (water that is consumed upstream is not removed). This was a one-time exercise and will be updated by WRI when new data is made available.",-
59,4542.0,"A normalized indicator of the variation in water supply between months of the year. Seasonal variability is calculated as the standard deviation of monthly total blue water divided by the mean of total blue water calculated using the monthly mean. The indicator was created by the World Resources Institute (WRI) and ranges from 0-5, where 0 is lowest and 5 is highest. Values represent the ""All-sector"" indicator, and have been rounded to the nearest tenth by AQUASTAT. In WRI's analysis, 'water supply' refers to 'total blue water', which approximates naturalized river discharge (water that is consumed upstream is not removed). This was a one-time exercise and will be updated by WRI when new data is made available.",-
60,4197.0,"Total cumulative storage capacity of all dams in each country. The value indicates the sum of the theoretical initial capacities of all dams, which does not change with time. The amount of water stored within any dam is likely less than the capacity due to silting.  Data on small dams may not be included, although their aggregate storage capacity is generally not significant. Detailed information on dams can be accessed in regional geo-referenced dam databases on http://www.fao.org/nr/water/aquastat/dams/index.stm.",-
61,4471.0,Total dam storage capacity per capita,[Dam capacity per capita] = 1000000*Total dam capacity/Total population
62,4193.0,"Annual average quantity of surface water that is available with an occurrence of 90 percent of the time. In practice, it is equivalent to the low water flow of a river. It is the resource that is offered for withdrawal or diversion with a regular flow.",-
63,4509.0,,[Exploitable: total renewable surface water] = Exploitable: regular renewable surface water+Exploitable: irregular renewable surface water
64,4196.0,"Exploitable water resources (also called manageable water resources or water development potential) are considered to be available for development, taking into consideration factors such as: the economic and environmental feasibility of storing floodwater behind dams, extracting groundwater, the physical possibility of storing water that naturally flows out to the sea, and minimum flow requirements (navigation, environmental services, aquatic life, etc). Methods to assess exploitable water resources vary from country to country.",[Total exploitable water resources] = Exploitable: total renewable surface water+Exploitable: regular renewable groundwater
65,4194.0,"Irregular surface water resources are equivalent to the variable component of water resources (e.g. floods). It includes the seasonal and inter-annual variations, i.e. seasonal flow or flow during wet years. It is the flow that needs to be regulated.",-
66,4195.0,"Average groundwater flow that is available with an occurrence of 90 percent of the time, and economically/environmentally viable to extract.",-
67,4159.0,"Long-term average quantity of water annually entering the country through transboundary flow (rivers, canals, pipes). An example is available in this sheet: http://www.fao.org/nr/water/aquastat/data/wrs/readPdf.html?f=AFG-WRS_eng.pdf.",-
68,4160.0,"Long-term average quantity of water annually entering the country through transboundary flow (rivers, canals, pipes). This figure concerns only the flows which are not submitted to formal agreements or treaties. An example of the calculation rules is available in this sheet: http://www.fao.org/nr/water/aquastat/data/wrs/readPdf.html?f=AFG-WRS_eng.pdf.",-
69,4161.0,"Long-term average quantity of water annually entering the country through transboundary flow (rivers, canals, pipes) which is submitted to formal agreements or treaties. An example of the calculation rules is available in this sheet: http://www.fao.org/nr/water/aquastat/data/wrs/readPdf.html?f=AFG-WRS_eng.pdf.",-
70,4162.0,"Long-term average quantity of water annually entering the country through transboundary flow (rivers, canals, pipes) which is secured through formal agreements or treaties. An example of the calculation rules is available in this sheet: http://www.fao.org/nr/water/aquastat/data/wrs/readPdf.html?f=AFG-WRS_eng.pdf.",-
71,4165.0,Long-term average annual total natural flow of rivers and canals that form the border between countries.,-
72,4168.0,"As a general rule, 50 percent of border river flow is assigned to each of the bordering countries. Same rules apply as described under the definition of surface water inflow submitted to/secured through treaties: where a treaty exists between the adjacent countries of a river system, the rules applied are those defined in that treaty.",-
73,4164.0,The sum of the average quantities of surface water annually entering the country not submitted to treaties and secured through treaties. An example of the calculation rules is available in this sheet: http://www.fao.org/nr/water/aquastat/data/wrs/readPdf.html?f=AFG-WRS_eng.pdf.,[Surface water: accounted inflow] = Surface water: inflow not submitted to treaties+Surface water: inflow secured through treaties+Surface water: accounted flow of border rivers
74,4171.0,"Average quantity of water annually leaving the country. It refers to water leaving to other countries, NOT the water that is flowing to the sea for countries located next to the sea. Border rivers that never enter the country are not included. An example of the calculation rules is available in this sheet: http://www.fao.org/nr/water/aquastat/data/wrs/readPdf.html?f=AFG-WRS_eng.pdf.",-
75,4172.0,"Average quantity of water annually leaving the country and not submitted to treaties. It refers to water leaving to other countries, NOT the water that is flowing to the sea for countries located next to the sea. An example of the calculation rules is available in this sheet: http://www.fao.org/nr/water/aquastat/data/wrs/readPdf.html?f=AFG-WRS_eng.pdf.",-
76,4173.0,Average annual quantity of water submitted to a treaty for a downstream country. An example of the calculation rules is available in this sheet: http://www.fao.org/nr/water/aquastat/data/wrs/readPdf.html?f=AFG-WRS_eng.pdf.,-
77,4174.0,Average annual quantity of water reserved by treaty for a downstream country. An example of the calculation rules is available in this sheet: http://www.fao.org/nr/water/aquastat/data/wrs/readPdf.html?f=AFG-WRS_eng.pdf.,-
78,4176.0,"This is the sum of the actual inflow not submitted to treaties, actual inflow secured through treaties, the accounted flow of border rivers and the accounted part of shared lakes, minus the outflow reserved for downstream countries through treaties.",[Surface water: total external renewable] = Surface water: inflow not submitted to treaties+Surface water: inflow secured through treaties+Surface water: accounted flow of border rivers-Surface water: outflow to other countries secured through treaties
79,4177.0,Average annual quantity of groundwater entering the country.,-
80,4452.0,"Long-term average annual quantity of groundwater annually entering the country, taking into consideration eventual treaties.",-
81,4182.0,"External Renewable Water Resources: That part of the country's long-term average annual renewable water resources that are not generated in the country. It includes inflows from upstream countries (groundwater and surface water), and part of the water of border lakes and/or rivers. ERWR take into account the quantity of flow reserved by upstream (incoming flow) and/or downstream (outflow) countries through formal or informal agreements or treaties. Therefore, it may vary with time. In extreme cases, it may be negative when the flow reserved to downstream countries is more than the incoming flow. The rules applied for computing ERWR are given in this template as an example: http://www.fao.org/nr/water/aquastat/data/wrs/readPdf.html?f=SEN-WRS_eng.pdf.",[Water resources: total external renewable] = Surface water: total external renewable+Groundwater: accounted inflow
82,4178.0,"Average annual quantity of groundwater leaving the country, without treaties. It refers to water leaving to other countries, NOT the water that is flowing to the sea for countries located next to the sea.",-
83,4453.0,Long-term average annual quantity of groundwater leaving the country not submitted to treaties and secured through treaties. The computation of actual considers the outflow of groundwater only in the case of an agreed apportionment between the upstream and downstream countries.,-
84,4403.0,"Three types of water-related diseases exist: (i) water-borne diseases are those diseases that arise from infected water and are transmitted when the water is used for drinking or cooking (for example cholera, typhoid); (ii) water-based diseases are those in which water provides the habitant for host organisms of parasites ingested (for example shistomasomiasis or bilharzia); (iii) water-related insect vector diseases are those in which insect vectors rely on water as habitat but transmission is not through direct contact with water (for example malaria, onchocerciasis or river blindness, elephantiasis).",-
85,4155.0,Long-term average annual volume of surface water generated by direct runoff from endogenous precipitation (surface runoff) and groundwater contributions.,-
86,4154.0,"Long-term annual average groundwater recharge, generated from precipitation within the boundaries of the country. Renewable groundwater resources of the country are computed either by estimating annual infiltration rate (in arid countries) or by computing river base flow (in humid countries).",-
87,4156.0,"Part of the renewable freshwater resources that is common to both surface water and groundwater. It is equal to groundwater drainage into rivers (typically, base flow of rivers) minus seepage from rivers into aquifers.",-
88,4157.0,Internal Renewable Water Resources (IRWR): Long-term average annual flow of rivers and recharge of aquifers generated from endogenous precipitation. Double counting of surface water and groundwater resources is avoided by deducting the overlap from the sum of the surface water and groundwater resources.,[Total internal renewable water resources (IRWR)] = Groundwater produced internally+Surface water produced internally-Overlap between surface water and groundwater
89,4158.0,Total annual internal renewable water resources per inhabitant.,[Total internal renewable water resources per capita] = Total internal renewable water resources (IRWR)*1000000/Total population
90,4379.0,"Total harvested irrigated crop area. It refers to the crops grown under full control irrigation. Areas under double irrigated cropping (same area cultivated and irrigated twice a year) are counted twice. Therefore the total area may be larger than the full/partial control equipped area under, which gives an indication of the cropping intensity. The total is only given if information on all irrigated crops in the country is available.",-
91,4520.0,,-
92,4521.0,,-
93,4464.0,"The cropping intensity is a fraction of the cultivated area that is harvested. The cropping intensity may exceed 100 percent where more than one crop cycle is permitted each year on the same area.  In AQUASTAT, the cropping intensity has been calculated on irrigated crops only, and becomes practically the ratio of the harvested irrigated areas over the area equipped for full control irrigation actually irrigated. Areas under double irrigated cropping (same area cultivated and irrigated twice a year) are counted twice. Therefore the total area may be larger than the area actually irrigated, which gives an indication of the cropping intensity. The total is only given if information on all irrigated crops in the country is available. Irrigation, by decoupling the crop production from the natural precipitation, increases cropping intensity in countries where temperatures are not a limiting factor.",[Irrigated cropping intensity] = 100*Total harvested irrigated crop area (full control irrigation)/Area equipped for full control irrigation: actually irrigated
94,4329.0,"Percent of the total grain production of the country (rainfed and irrigated) that is irrigated in a given year, expressed in percentage.",-
95,4469.0,"The land used permanently (five years or more) to grow herbaceous forage crops and actually irrigated in a given year . Permanent meadows and pasture  do not fall under permanent crops ([4102]) and therefore, do not fall under cultivated area ([4103]) either, since it is a separate category in FAOSTAT.",-
96,4345.0,"Total harvested irrigated area for the crop, cultivated in the full control irrigation area . If double irrigated cropping (same area cultivated and irrigated twice a year), then it is counted twice.",-
97,4346.0,,-
98,4347.0,,-
99,4348.0,,-
100,4360.0,,-
101,4374.0,,-
102,4373.0,,-
103,4352.0,,-
104,4359.0,,-
105,4358.0,,-
106,4357.0,,-
107,4367.0,,-
108,4378.0,,-
109,4351.0,,-
110,4369.0,,-
111,4377.0,,-
112,4366.0,,-
113,4362.0,,-
114,4523.0,,-
115,4524.0,,-
116,4525.0,,-
117,4370.0,,-
118,4522.0,,-
119,4372.0,,-
120,4353.0,,-
121,4354.0,,-
122,4361.0,,-
123,4350.0,,-
124,4355.0,,-
125,4376.0,,-
126,4371.0,,-
127,4365.0,,-
128,4349.0,,-
129,4356.0,,-
130,4364.0,,-
131,4363.0,,-
132,4375.0,,-
133,4368.0,,-
134,4557.0,This ratio assess the improvement of productivity allowed by irrigation. FAO provides ratio by country for almost 100 countries estimated using the rainfed and irrigated yields from the FAO perspective studies Agriculture Towards 2030-2050 as well as a generic default ratio calculated as the average of the available national ratios.,-
135,4100.0,"The total area of the country, including area under inland water bodies. Possible variations in the data may be due to updating and revisions of the country data and not necessarily to any change of area.",[Total area of the country (excl. coastal water)]=[Land area]+[InlandWater]
136,4101.0,"Land under temporary crops (double-cropped areas are counted only once), temporary meadows for mowing or pasture, land under market and kitchen gardens and land temporarily fallow (less than five years). The abandoned land resulting from shifting cultivation is not included.  Data for arable land is not meant to indicate the amount of land that is potentially cultivable.",-
137,4102.0,"Crops are divided into temporary and permanent crops. Permanent crops are sown or planted once, and then occupy the land for some years and need not be replanted after each annual harvest, such as cocoa, coffee and rubber. This category includes flowering shrubs, fruit trees, nut trees and vines, but excludes trees grown for wood or timber, and permanent meadows and pastures.",-
138,4103.0,The sum of the arable land area and the area under permanent crops.,-
139,4470.0,,[% of total country area cultivated] = 100*Cultivated area (arable land + permanent crops)/Total area of the country
140,4556.0,"Part of the cultivated land that is irrigated using the total harvested irrigated crop area. This corresponds to the Ai component entering in the SDG 6.4.1. calculation. In a few cases, this variable can be above 100%. However, for the calculation of the SDG 6.4.1 it has been capped to 100%.",[% of arable land irrigated] = 100*Total harvested irrigated crop area (full control irrigation)/Cultivated area (arable land + permanent crops)
141,4104.0,Usually refers to the present-in-area (de facto) population which includes all persons physically present within the present geographical boundaries of countries at the mid-point of the reference period.,-
142,4105.0,"Usually the rural population is obtained by subtracting the urban population from the total population. In practice, the criteria adopted for distinguishing between urban and rural areas vary among countries. However, these criteria can be roughly divided into three major groups: classification of localities of a certain size as urban; classification of administrative centres of minor civil divisions as urban; and classification of centres of minor civil divisions on a chosen criterion which may include type of local government, number of inhabitants or proportion of population engaged in agriculture. Thus, the urban and rural population estimates in this domain are based on the varying national definitions of urban areas.",-
143,4106.0,"Population residing in urban areas. Usually the urban areas and hence the urban population are defined according to national census definitions which can be roughly divided into three major groups: classification of localities of a certain size as urban; classification of administrative centres of minor civil divisions as urban; and classification of centres of minor civil divisions on a chosen criterion which may include type of local government, number of inhabitants or proportion of population engaged in agriculture, as urban.",-
144,4107.0,Number of inhabitants per square kilometre of total area.,[Population density] = Total population/(Total area of the country/100)
145,4326.0,"Area equipped for irrigation where pumps are used for water supply from the source to the scheme. It also includes areas where water is drained out with human- or animal-driven water lifting devices. It does NOT refer to pumping required for the technology used within the field (such as sprinkler irrigation or localized irrigation, which require pressure and thus pumping).",-
146,4327.0,"Percent of irrigation area where pumps are used for water supply from the source to the scheme, expressed in percentage. It includes also areas where water is drained out with human- or animal-driven water lifting devices.",[% of area equipped for irrigation power irrigated] = 100*Area equipped for power irrigation (surface water or groundwater)/Area equipped for irrigation: total
147,4151.0,Long-term average (over space and time) of annual endogenous precipitation (produced in the country) in depth.,-
148,4150.0,Long-term average (over space and time) of annual endogenous precipitation (produced in the country) in volume.,[Long-term average annual precipitation in volume] = Total area of the country*Long-term average annual precipitation in depth/100000
149,4472.0,"An indicator, developed by FAO, which represents the quality of the crop growing season. The NRI yearly results take into consideration the precipitation that year, the average precipitation over the period 1986-2000, the seasonality of the main crop-growing season (distinguishing between northern and southern hemispheres), and what areas of the country are wetter. The median of each five year period is provided. Note: due to methodological differences, this variable is not comparable to average precipitation. For more information, please see http://www.fao.org/nr/climpag/.",-
150,4275.0,"Total freshwater withdrawn in a given year, expressed in percentage of the total renewable water resources (TRWR). This parameter is an indication of the pressure on the renewable water resources. It was the Millennium Development Goal (MDG) Indicator 7.5, from which the Sustainable Development Goal (SDG) indicator 6.4.2 is derived with the introduction of Environmental Flow Requirements.",[MDG 7.5. Freshwater withdrawal as % of total renewable water resources] = 100*Total freshwater withdrawal/Total renewable water resources
151,4273.0,"Water withdrawn for irrigation in a given year, expressed in percent of the total renewable water resources (TRWR). This parameter is an indication of the pressure on the renewable water resources caused by irrigation.<br>_x000D_
Note: While freshwater withdrawal as % of total renewable water resources refers to withdrawal of surface water and groundwater, agricultural water withdrawal also includes non-conventional sources of water (such as direct use of wastewater and agricultural drainage water, desalinated water). That's why in some countries agricultural water withdrawal as % of total renewable water resources can be higher than freshwater withdrawal as % of total renewable water resources._x000D_",[Agricultural water withdrawal as % of total renewable water resources] = 100*Agricultural water withdrawal/Total renewable water resources
152,4550.0,"Freshwater withdrawal as a proportion of available freshwater resources. It is the ratio between total freshwater withdrawn by all major sectors and total renewable freshwater resources, after taking into account environmental flow requirements.",[SDG 6.4.2. Water Stress] = 100*Total freshwater withdrawal/(Total renewable water resources-Environmental Flow Requirements)
153,4551.0,Value added per unit of water used expressed in USD/m3,[SDG 6.4.1. Water Use Efficiency] = ([SDG 6.4.1. Irrigated Agriculture Water Use Efficiency]*Agricultural water withdrawal as % of total water withdrawal/100)+([SDG 6.4.1. Industrial Water Use Efficiency]*Industrial water withdrawal as % of total water withdrawal/100)+([SDG 6.4.1. Services Water Use Efficiency]*Municipal water withdrawal as % of total withdrawal/100)
154,4552.0,"Agricultural value added per unit of water used for the agriculture sector, expressed in USD/m3 with agriculture including livestock, aquaculture and irrigated crops.","[SDG 6.4.1. Irrigated Agriculture Water Use Efficiency] = ((([Agriculture, value added to GDP]/[GDP Deflator (2015)]*100)*[% of agricultural GVA produced by irrigated agriculture]/100)/Agricultural water withdrawal)/10000000"
155,4553.0,"MIMEC value added per unit of water used for the MIMEC sector, expressed in USD/m3 with MIMEC including mining and quarrying; manufacturing; electricity, gas, steam and air conditioning supply; constructions (ISIC B, C, D and F).","[SDG 6.4.1. Industrial Water Use Efficiency] = (([Industry, value added to GDP]/[GDP Deflator (2015)]*100)/Industrial water withdrawal)/1000000000"
156,4554.0,"Services sector value added (ISIC E and ISIC G-T based on rev. 4) divided by water used for distribution by the water collection, treatment and supply industry (ISIC 36), expressed in USD/m3 with services including all the service sectors.","[SDG 6.4.1. Services Water Use Efficiency] = (([Services, value added to GDP]/[GDP Deflator (2015)]*100)/Municipal water withdrawal)/1000000000"
157,4185.0,This is the sum of the internal renewable surface water resources and the total external renewable surface water resources. An example of the calculation rules is available in this sheet: http://www.fao.org/nr/water/aquastat/data/wrs/readPdf.html?f=AFG-WRS_eng.pdf.,[Total renewable surface water] = Surface water: total external renewable+Surface water produced internally
158,4187.0,This is the sum of the internal renewable groundwater resources and the total external renewable groundwater resources. An example of the calculation rules is available in this sheet: http://www.fao.org/nr/water/aquastat/data/wrs/readPdf.html?f=AFG-WRS_eng.pdf.,[Total renewable groundwater] = Groundwater produced internally+Groundwater: accounted inflow
159,4536.0,,[Overlap: between surface water and groundwater] = Overlap between surface water and groundwater
160,4188.0,Total Renewable Water Resources (TRWR): The sum of internal renewable water resources (IRWR) and external renewable water resources (ERWR). It corresponds to the maximum theoretical yearly amount of water available for a country at a given moment.,[Total renewable water resources] = Total renewable surface water+Total renewable groundwater-Overlap between surface water and groundwater
161,4192.0,"Indicator expressing the percent of total renewable water resources originating outside the country. This indicator may theoretically vary between 0% and 100%. A country with a dependency ratio equal to 0% does not receive any water from neighbouring countries. A country with a dependency ratio equal to 100% receives all its renewable water from upstream countries, without producing any of its own. This indicator does not consider the possible allocation of water to downstream countries. An example of the calculation rules is available in this sheet: http://www.fao.org/nr/water/aquastat/data/wrs/readPdf.html?f=AFG-WRS_eng.pdf.","[Dependency ratio] = 100*(Surface water: accounted inflow</a>&lang=en"">Surface water: accounted inflow+Groundwater: accounted inflow</a>&lang=en"">Groundwater: accounted inflow)/(Surface water: accounted inflow</a>&lang=en"">Surface water: accounted inflow+Groundwater: accounted inflow</a>&lang=en"">Groundwater: accounted inflow+Total internal renewable water resources (IRWR))"
162,4190.0,Total annual renewable water resources per inhabitant,[Total renewable water resources per capita] = Total renewable water resources*1000000/Total population
163,4269.0,"Annual volume of domestic, commercial and industrial effluents, and storm water runoff, generated within urban areas.",-
164,4270.0,"Treated wastewater (primary, secondary and tertiary) annually produced by municipal wastewater treatment facilities in the country.<br>_x000D_<i>Primary treatment:</i>municipal wastewater effectively treated by a physical and/or chemical process involving settlement of suspended solids, or other process in which the BOD5 of the incoming wastewater is reduced by at least 20% and the total suspended solids of the incoming wastewater are reduced by at least 50% before discharge. Treatment processes can include: sedimentation tank, septic tank, skimming, chemical enhanced primary treatment.<br>_x000D_<i>Secondary treatment:</i>municipal wastewater effectively treated by a process generally involving biological treatment with a secondary settlement or other process, resulting in a BOD removal of at least 70% and a COD removal of at least 75% before discharge. Treatment processes can include: aerated lagoon, activated sludge, up-flow anaerobic sludge blanket, trickling filters, rotating biological contactors, oxidation ditch, settling basin digester. For the purpose of this database natural biological treatment processes are also considered under secondary treatment as the constituents of the effluents from this type of treatment is similar to the conventional secondary treatment. Natural biological treatment refers to the process other than conventional wastewater treatment (primary, secondary, tertiary). This treatment makes use of natural bio-chemical processes to treat wastewater and can include: waste stabilization pond, constructed wetlands, overland treatment, nutrient film techniques, soil aquifer treatment, high-rate algal pond, floating aquatic macrophyte systems.<br>_x000D_<i>Tertiary treatment:</i>municipal wastewater effectively treated by a process in addition to secondary treatment of nitrogen and/or phosphorous and/or any other specific pollutant affecting the quality or a specific use of water: microbiological pollution, colour, etc. This treatment is meant to remove at least 95% for BOD and 85% for COD and/or a nitrogen removal of at least 70% and/or a phosphorus removal of at least 80% and/or a microbiological removal. Treatment process can include: membrane filtration (micro-; nano-; ultra- and reverse osmosis), infiltration / percolation, activated carbon, disinfection (chlorination, ozone, UV)",-
165,4515.0,Total number of functional municipal wastewater treatment facilities.,-
166,4265.0,"Treated municipal wastewater (primary, secondary, tertiary effluents) directly used, i.e. with no or little prior dilution with freshwater during most of the year.",-
167,4493.0,"Municipal wastewater collected by municipal wastewater sewers or other formal collection systems. This category considers the following collection systems:<br>_x000D_<i>Independent:</i>Wastewater collected by individual private systems in place to evacuate and collect domestic and other wastewater in case where an urban collection system is not available. This includes the collection of wastewater by pit latrines and septic tanks. This also includes the transport of wastewater to treatment plants by means of trucks.<br>_x000D_<i>Collective:</i>Wastewater collected from dwellings, commercial or industrial facilities by planned municipal sewer systems.",-
168,4516.0,Total installed annual capacity of the functional municipal wastewater treatment facilities.,-
169,4491.0,"Not collected municipal wastewater discharged and/or collected municipal wastewater discharged without any prior treatment. It is then considered secondary water. Municipal wastewater collected by not maintained independent collection systems, like soak pits or septic tanks, are considered as not treated municipal wastewater. Effluents from non-functional wastewater treatment plants are also included here.",-
170,4517.0,Municipal wastewater discharged directly to water bodies (inland or coastal) without any prior treatment.,-
171,4490.0,Treated municipal wastewater applied artificially (irrigation) and directly (i.e. with no or little prior dilution with freshwater during most of the year) on land to assist the growth of crops and fruit trees. Treated municipal wastewater applied artificially and directly for landscaping and forestry also falls under this category.,-
172,4533.0,,[Area equipped for irrigation by direct use of treated municipal wastewater] = Area equipped for irrigation by direct use of treated municipal wastewater
173,4510.0,Treated municipal wastewater directly discharged to water bodies (inland or coastal) without any specific use. It then is considered secondary water.,-
174,4512.0,Municipal wastewater applied artificially (irrigation) and directly (i.e. with no or little prior dilution with fresh water during most of the year) on land to assist the growth of crops and fruit trees. Municipal wastewater applied artificially and directly for landscaping and forestry also falls under this category.,-
175,4534.0,,[Area equipped for irrigation by direct use of not treated municipal wastewater] = Area equipped for irrigation by direct use of non-treated municipal wastewater
176,4250.0,"Annual quantity of self-supplied water withdrawn for irrigation, livestock and aquaculture purposes. It can include water from renewable freshwater resources, as well as water from over-abstraction of renewable groundwater or withdrawal from fossil groundwater, direct use of agricultural drainage water, direct use of (treated) wastewater, and desalinated water. Water for the dairy and meat industries and industrial processing of harvested agricultural products is included under industrial water withdrawal.",-
177,4252.0,"Annual quantity of self-supplied water withdrawn for industrial uses. It can include water from renewable freshwater resources, as well as water from over-abstraction of renewable groundwater or withdrawal from fossil groundwater, direct use of agricultural drainage water, direct use of (treated) wastewater, and desalinated water. This sector refers to self-supplied industries not connected to the public distribution network. The ratio between net consumption and withdrawal is estimated at less than 5%. It includes water for the cooling of thermoelectric and nuclear power plants, but it does not include hydropower. Water withdrawn by industries that are connected to the public supply network is generally included in municipal water withdrawal.",-
178,4251.0,"Annual quantity of water withdrawn primarily for the direct use by the population. It can include water from renewable freshwater resources, as well as water from over-abstraction of renewable groundwater or withdrawal from fossil groundwater, direct use of agricultural drainage water, direct use of (treated) wastewater, and desalinated water. It is usually computed as the total water withdrawn by the public distribution network. It can include that part of the industries and urban agriculture, which is connected to the municipal network. The ratio between the net consumption and the water withdrawn can vary from 5 to 15% in urban areas and from 10 to 50% in rural areas.",-
179,4253.0,"Annual quantity of water withdrawn for agricultural, industrial and municipal purposes. It can include water from renewable freshwater resources, as well as water from over-abstraction of renewable groundwater or withdrawal from fossil groundwater, direct use of agricultural drainage water, direct use of (treated) wastewater, and desalinated water. It does not include in-stream uses, which are characterized by a very low net consumption rate, such as recreation, navigation, hydropower, inland capture fisheries, etc.",[Total water withdrawal] = Municipal water withdrawal+Industrial water withdrawal+Agricultural water withdrawal
180,4260.0,"The quantity of water exclusive of precipitation and soil moisture (i.e. quantity of irrigation water) required for normal crop production. It consists of water to ensure that the crop receives its full crop water requirement (i.e. irrigation consumptive water use, as well as extra water for flooding of paddy fields to facilitate land preparation and protect the plant and for leaching salt when necessary to allow for plant growth). It is usually expressed in water depth (millimetres) or water volume (m3) and may be stated in monthly, seasonal or annual terms, or for a crop period. It corresponds to net irrigation water requirement. More information can be found on http://www.fao.org/nr/water/aquastat/water_use/index.stm.",-
181,4254.0,Agricultural water withdrawal as percentage of total water withdrawal,[Agricultural water withdrawal as % of total water withdrawal] = Agricultural water withdrawal/Total water withdrawal*100
182,4256.0,Industrial water withdrawal as percentage of total water withdrawal,[Industrial water withdrawal as % of total water withdrawal] = Industrial water withdrawal/Total water withdrawal*100
183,4255.0,Municipal water withdrawal as percentage of total water withdrawal,[Municipal water withdrawal as % of total withdrawal] = Municipal water withdrawal/Total water withdrawal*100
184,4257.0,Total annual amount of water withdrawn per capita.,[Total water withdrawal per capita] = Total water withdrawal*1000000/Total population
185,4549.0,Quantity and timing of freshwater flows required to sustain freshwater ecosystems & the human livelihoods and well-being that depend on them,-
186,4475.0,"Annual quantity of water withdrawn for irrigation purposes. In the AQUASTAT database water withdrawal for irrigation is part of agricultural water withdrawal, together with water withdrawal for livestock (watering and cleaning) and water withdrawal for aquaculture. It can include water from renewable freshwater resources, as well as water from over-abstraction of renewable groundwater or withdrawal from fossil groundwater, direct use of agricultural drainage water, direct use of (treated) wastewater, and desalinated water. The amount of water withdrawn for irrigation by far exceeds the consumptive use of irrigation because of water lost in its distribution from its source to the crops. The term ""water requirement ratio"" (sometimes also called ""irrigation efficiency"") is used to indicate the ratio between the net irrigation water requirements or crop water requirements, which is the volume of water needed to compensate for the deficit between potential evapotranspiration and effective precipitation over the growing period of the crop, and the amount of water withdrawn for irrigation including the losses. In the specific case of paddy rice irrigation, additional water is needed for flooding to facilitate land preparation and for plant protection. In that case, irrigation water requirements are the sum of rainfall deficit and the water needed to flood paddy fields. At scheme level, water requirement ratio values can vary from less than 20 percent to more than 80 percent.",-
187,4261.0,"Annual gross amount of water extracted from rivers, lakes and reservoirs.",-
188,4262.0,"Annual gross amount of water extracted from aquifers. It can include withdrawal of renewable groundwater, as well as water from over-abstraction of renewable groundwater or withdrawal from fossil groundwater.",-
189,4263.0,"This is the sum of surface water withdrawal, that is extracted from extracted from rivers, lakes and reservoirs, and groundwater withdrawal extracted from aquifers.",[Total freshwater withdrawal] = Total water withdrawal-Desalinated water produced-Direct use of treated municipal wastewater-Direct use of agricultural drainage water
190,4264.0,Water produced annually by desalination of brackish or salt water. It is estimated annually on the basis of the total capacity of water desalination installations.,-
191,4535.0,,[Direct use of treated municipal wastewater] = Direct use of treated municipal wastewater
192,4451.0,"Agricultural drainage water is water withdrawn for agriculture but not consumed and returned. It can be recovered and reused. Like desalinated water and wastewater, it is also considered as a type of non-conventional water.",-
